Property ID,Room Number
MH 1171,1171 1/4 W 37th Pl - Rm 1
MH 1171,1171 1/4 W 37th Pl - Rm 2
MH 1171,1171 1/4 W 37th Pl - Rm 3
MH 1171,1171 1/4 W 37th Pl - Rm 4
MH 1171,1171 1/4 W 37th Pl - Rm 5
MH 1171,1171 W 37th Pl - Rm 1
MH 1171,1171 W 37th Pl - Rm 2
MH 1171,1171 W 37th Pl - Rm 3
MH 1171,1171 W 37th Pl - Rm 4
MH 1171,1171 W 37th Pl - Rm 5
MH 1171,1171 W 37th Pl - Rm 6
MH 1171,1171 1/2 W 37th Pl - Rm 1
MH 1171,1171 1/2 W 37th Pl - Rm 2
MH 1171,1171 1/2 W 37th Pl - Rm 3
MH 1171,1171 1/2 W 37th Pl - Rm 4
MH 1171,1171 1/2 W 37th Pl - Rm 5
MH 1171,1171 1/2 W 37th Pl - Rm 6
MH 1171,1173 W 37th Pl - Rm 1
MH 1171,1173 W 37th Pl - Rm 2
MH 1171,1173 W 37th Pl - Rm 3
MH 1171,1173 W 37th Pl - Rm 4
MH 1171,1173 1/2 W 37th Pl - Rm 1
MH 1171,1173 1/2 W 37th Pl - Rm 2
MH 1171,1173 1/2 W 37th Pl - Rm 3
MH 1171,1173 1/2 W 37th Pl - Rm 4
MH 1151,1153 W 37th Dr - Rm 1
MH 1151,1153 W 37th Dr - Rm 2
MH 1151,1153 W 37th Dr - Rm 3
MH 1151,1153 W 37th Dr - Rm 4
MH 1151,1153 1/2 W 37th Dr - Rm 1
MH 1151,1153 1/2 W 37th Dr - Rm 2
MH 1151,1153 1/2 W 37th Dr - Rm 3
MH 1151,1153 1/2 W 37th Dr - Rm 4
MH 1151,1153 1/2 W 37th Dr - Rm 5
MH 1151,1151 W 37th Dr - Rm 1
MH 1151,1151 W 37th Dr - Rm 2
MH 1151,1151 W 37th Dr - Rm 3
MH 1151,1151 W 37th Dr - Rm 4
MH 1151,1151 1/2 W 37th Dr - Rm 1
MH 1151,1151 1/2 W 37th Dr - Rm 2
MH 1151,1151 1/2 W 37th Dr - Rm 3
MH 1151,1151 1/2 W 37th Dr - Rm 4
MH 1334,1334 W 37th Pl - Rm 1
MH 1334,1334 W 37th Pl - Rm 2
MH 1334,1334 W 37th Pl - Rm 3
MH 1334,1334 W 37th Pl - Rm 4
MH 1334,1334 W 37th Pl - Rm 5
MH 1334,1334 W 37th Pl - Rm 6
MH 1334,1336 W 37th Pl - Rm 1
MH 1334,1336 W 37th Pl - Rm 2
MH 1334,1336 W 37th Pl - Rm 3
MH 1334,1336 W 37th Pl - Rm 4
MH 1334,1336 1/2 W 37th Pl - Rm 1
MH 1334,1336 1/2 W 37th Pl - Rm 2
MH 1334,1336 1/2 W 37th Pl - Rm 3
MH 1334,1336 1/2 W 37th Pl - Rm 4
MH 1340,1340 W 37th St - Rm 1
MH 1340,1340 W 37th St - Rm 2
MH 1340,1340 W 37th St - Rm 3
MH 1340,1340 W 37th St - Rm 4
MH 1340,1340 W 37th St - Rm 5
MH 1340,1340 W 37th St - Rm 6
MH 1340,1342 W 37th St - Rm 1
MH 1340,1342 W 37th St - Rm 2
MH 1340,1342 W 37th St - Rm 3
MH 1340,1342 W 37th St - Rm 4
MH 1340,1342 1/2 W 37th St - Rm 1
MH 1340,1342 1/2 W 37th St - Rm 2
MH 1340,1342 1/2 W 37th St - Rm 3
MH 1340,1342 1/2 W 37th St - Rm 4
MH 1340,1342 1/4 W 37th St - Rm 1
MH 1340,1342 1/4 W 37th St - Rm 2
MH 1340,1342 1/4 W 37th St - Rm 3
MH 1340,1342 1/4 W 37th St - Rm 4
MH 1340,1342 1/4 W 37th St - Rm 5
MH 1340,1342 1/4 W 37th St - Rm 6
MH 2013,2015 Raymond Ave - Rm 1
MH 2013,2015 Raymond Ave - Rm 2
MH 2013,2015 Raymond Ave - Rm 3
MH 2013,2015 1/4 Raymond Ave - Rm 1
MH 2013,2015 1/4 Raymond Ave - Rm 2
MH 2013,2015 1/2 Raymond Ave - Rm 1
MH 2013,2015 1/2 Raymond Ave - Rm 2
MH 2013,2015 1/2 Raymond Ave - Rm 3
MH 2013,2013 Raymond Ave - Rm 1
MH 2013,2013 Raymond Ave - Rm 2
MH 2013,2013 Raymond Ave - Rm 3
MH 2013,2013 1/4 Raymond Ave - Rm 1
MH 2013,2013 1/4 Raymond Ave - Rm 2
MH 2013,2013 1/4 Raymond Ave - Rm 3
MH 2013,2013 1/2 Raymond Ave - Rm 1
MH 2013,2013 1/2 Raymond Ave - Rm 2
MH 2013,2013 1/2 Raymond Ave - Rm 3
MH 1181,1181 Rolland Curtis Pl - Rm 1
MH 1181,1181 Rolland Curtis Pl - Rm 2
MH 1181,1181 Rolland Curtis Pl - Rm 3
MH 1181,1181 1/2 Rolland Curtis Pl
MH 1181,1183 1/2 Rolland Curtis Pl FFL 1 - Rm 1
MH 1181,1183 1/2 Rolland Curtis Pl FFL 1 - Rm 2
MH 1181,1183 1/2 Rolland Curtis Pl FFL 1 - Rm 3
MH 1181,1183 1/2 Rolland Curtis Pl FFL 1 - Rm 4
MH 1181,1183 Rolland Curtis Pl FFL 2 - Rm 1
MH 1181,1183 Rolland Curtis Pl FFL 2 - Rm 2
MH 1181,1183 Rolland Curtis Pl FFL 2 - Rm 3
MH 1181,1183 Rolland Curtis Pl FFL 2 - Rm 4
MH 1181,1183 Rolland Curtis Pl FFL 3 - Rm 1
MH 1181,1183 Rolland Curtis Pl FFL 3 - Rm 2
MH 1181,1183 Rolland Curtis Pl FFL 3 - Rm 3
MH 1181,1183 Rolland Curtis Pl FFL 3 - Rm 4
MH 416,416 1/2 N La Fayette Park Pl - Studio
MH 416,416 N La Fayette Park Pl - Rm 1
MH 416,416 N La Fayette Park Pl - Rm 2
MH 416,416 N La Fayette Park Pl - Rm 3
MH 416,416 N La Fayette Park Pl - Rm 4
MH 416,418 N La Fayette Park Pl - Rm 1
MH 416,418 N La Fayette Park Pl - Rm 2
MH 416,418 N La Fayette Park Pl - Rm 3
MH 416,418 N La Fayette Park Pl - Rm 4
MH 416,420 N La Fayette Park Pl - Rm 1
MH 416,420 N La Fayette Park Pl - Rm 2
MH 416,420 N La Fayette Park Pl - Rm 3
MH 416,420 N La Fayette Park Pl - Rm 4
MH 5401,5401 Carlin St - Rm 1
MH 5401,5401 Carlin St - Rm 2
MH 5401,5401 Carlin St - Rm 3
MH 5401,5401 Carlin St - Rm 4
MH 5401,5401 Carlin St - Rm 5
MH 5401,5403 Carlin St - Rm 1
MH 5401,5403 Carlin St - Rm 2
MH 5401,5403 Carlin St - Rm 3
MH 5401,5405 Carlin St - Rm 1
MH 5401,5405 Carlin St - Rm 2
MH 5401,5405 Carlin St - Rm 3
MH 1530,1530 W 37th St FFL 1 - Rm 1
MH 1530,1530 W 37th St FFL 1 - Rm 2
MH 1530,1530 W 37th St FFL 1 - Rm 3
MH 1530,1530 W 37th St FFL 2 - Rm 1
MH 1530,1530 W 37th St FFL 2 - Rm 2
MH 1530,1530 W 37th St FFL 2 - Rm 3
MH 1530,1530 W 37th St FFL 2 - Rm 4
MH 1530,1530 W 37th St FFL 3 - Rm 1
MH 1530,1530 W 37th St FFL 3 - Rm 2
MH 1530,1530 W 37th St FFL 3 - Rm 3
MH 1530,1530 W 37th St FFL 3 - Rm 4
MH 1530,1532 1/2 W 37th St RFL 2 - Rm 1
MH 1530,1532 1/2 W 37th St RFL 2 - Rm 2
MH 1530,1532 1/2 W 37th St RFL 2 - Rm 3
MH 1530,1532 1/2 W 37th St RFL 2 - Rm 4
MH 1530,1532 1/2 W 37th St RFL 3 - Rm 1
MH 1530,1532 1/2 W 37th St RFL 3 - Rm 2
MH 1530,1532 1/2 W 37th St RFL 3 - Rm 3
MH 1530,1532 1/2 W 37th St RFL 3 - Rm 4
MH 1530,1532 1/2 W 37th St RFL 3 - Rm 5
MH 1530,1532 W 37th St RFL 1 - Rm 1
MH 1530,1532 W 37th St RFL 1 - Rm 2
MH 1530,1532 W 37th St RFL 1 - Rm 3
MH 1530,1532 W 37th St RFL 2 - Rm 1
MH 1530,1532 W 37th St RFL 2 - Rm 2
MH 1530,1532 W 37th St RFL 2 - Rm 3
MH 1530,1532 W 37th St RFL 2 - Rm 4
MH 1530,1532 W 37th St RFL 3 - Rm 1
MH 1530,1532 W 37th St RFL 3 - Rm 2
MH 1530,1532 W 37th St RFL 3 - Rm 3
MH 1530,1532 W 37th St RFL 3 - Rm 4
MH 1419,1419 1/2 W 35th St FFL 1 - Rm 1
MH 1419,1419 1/2 W 35th St FFL 1 - Rm 2
MH 1419,1419 1/2 W 35th St FFL 1 - Rm 3
MH 1419,1419 W 35th St FFL 2 - Rm 1
MH 1419,1419 W 35th St FFL 2 - Rm 2
MH 1419,1419 W 35th St FFL 2 - Rm 3
MH 1419,1419 W 35th St FFL 2 - Rm 4
MH 1419,1419 W 35th St FFL 3 - Rm 1
MH 1419,1419 W 35th St FFL 3 - Rm 2
MH 1419,1419 W 35th St FFL 3 - Rm 3
MH 1419,1419 W 35th St FFL 3 - Rm 4
MH 1419,1419 W 35th St FFL 4 - Rm 1
MH 1419,1419 W 35th St FFL 4 - Rm 2
MH 1419,1419 W 35th St FFL 4 - Rm 3
MH 1419,1419 W 35th St FFL 4 - Rm 4
MH 1419,1421 1/4 W 35th St RFL 1 - Rm 1
MH 1419,1421 1/4 W 35th St RFL 1 - Rm 2
MH 1419,1421 1/4 W 35th St RFL 1 - Rm 3
MH 1419,1421 1/4 W 35th St RFL 1 - Rm 4
MH 1419,1421 W 35th St RFL 2 - Rm 1
MH 1419,1421 W 35th St RFL 2 - Rm 2
MH 1419,1421 W 35th St RFL 2 - Rm 3
MH 1419,1421 W 35th St RFL 2 - Rm 4
MH 1419,1421 W 35th St RFL 2 - Rm 5
MH 1419,1421 1/2 W 35th St RFL 3 - Rm 1
MH 1419,1421 1/2 W 35th St RFL 3 - Rm 2
MH 1419,1421 1/2 W 35th St RFL 3 - Rm 3
MH 1419,1421 1/2 W 35th St RFL 3 - Rm 4
MH 1419,1421 1/2 W 35th St RFL 3 - Rm 5
MH 1419,1421 1/2 W 35th St RFL 4 - Rm 1
MH 1419,1421 1/2 W 35th St RFL 4 - Rm 2
MH 1419,1421 1/2 W 35th St RFL 4 - Rm 3
MH 1419,1421 1/2 W 35th St RFL 4 - Rm 4
MH 1419,1421 1/2 W 35th St RFL 4 - Rm 5
MH 1186,3737 1/2 S Catalina St RFL 1 - Rm 1
MH 1186,3737 1/2 S Catalina St RFL 1 - Rm 2
MH 1186,3737 1/2 S Catalina St RFL 1 - Rm 3
MH 1186,3737 1/2 S Catalina St RFL 1 - Rm 4
MH 1186,3737 1/2 S Catalina St RFL 1 - Rm 5
MH 1186,3737 S Catalina St RFL 2 - Rm 1
MH 1186,3737 S Catalina St RFL 2 - Rm 2
MH 1186,3737 S Catalina St RFL 3 - Rm 1
MH 1186,3737 S Catalina St RFL 3 - Rm 2
MH 1186,3737 S Catalina St RFL 3 - Rm 3
MH 1186,3737 S Catalina St RFL 3 - Rm 4
MH 1186,3737 S Catalina St RFL 4 - Rm 1
MH 1186,3737 S Catalina St RFL 4 - Rm 2
MH 1186,3737 S Catalina St RFL 4 - Rm 3
MH 1186,3737 S Catalina St RFL 4 - Rm 4
MH 1186,3739 S Catalina St RFL 2 - Rm 1
MH 1186,3739 S Catalina St RFL 2 - Rm 2
MH 1186,3739 S Catalina St RFL 3 - Rm 1
MH 1186,3739 S Catalina St RFL 3 - Rm 2
MH 1186,3739 S Catalina St RFL 3 - Rm 3
MH 1186,3739 S Catalina St RFL 3 - Rm 4
MH 1186,3739 S Catalina St RFL 4 - Rm 1
MH 1186,3739 S Catalina St RFL 4 - Rm 2
MH 1186,3739 S Catalina St RFL 4 - Rm 3
MH 1186,3739 S Catalina St RFL 4 - Rm 4
MH 1186,1186 W 37th Pl FFL 1 - Rm 1
MH 1186,1186 W 37th Pl FFL 2 - Rm 1
MH 1186,1186 W 37th Pl FFL 2 - Rm 2
MH 1186,1186 W 37th Pl FFL 2 - Rm 3
MH 1186,1186 W 37th Pl FFL 3 - Rm 1
MH 1186,1186 W 37th Pl FFL 3 - Rm 2
MH 1186,1186 W 37th Pl FFL 3 - Rm 3
MH 1186,1186 W 37th Pl FFL 4 - Rm 1
MH 1186,1186 W 37th Pl FFL 4 - Rm 2
MH 1186,1186 W 37th Pl FFL 4 - Rm 3
MH 1186,1188 W 37th Pl FFL 1 - Rm 1
MH 1186,1188 W 37th Pl FFL 2 - Rm 1
MH 1186,1188 W 37th Pl FFL 2 - Rm 2
MH 1186,1188 W 37th Pl FFL 2 - Rm 3
MH 1186,1188 W 37th Pl FFL 3 - Rm 1
MH 1186,1188 W 37th Pl FFL 3 - Rm 2
MH 1186,1188 W 37th Pl FFL 3 - Rm 3
MH 1186,1188 W 37th Pl FFL 4 - Rm 1
MH 1186,1188 W 37th Pl FFL 4 - Rm 2
MH 1186,1188 W 37th Pl FFL 4 - Rm 3
MH 1314,1314 1/4 W 35th Pl FFL 1 - Rm 1
MH 1314,1314 1/4 W 35th Pl FFL 1 - Rm 2
MH 1314,1314 1/4 W 35th Pl FFL 1 - Rm 3
MH 1314,1314 1/4 W 35th Pl FFL 1 - Rm 4
MH 1314,1314 W 35th Pl FFL 2 - Rm 1
MH 1314,1314 W 35th Pl FFL 2 - Rm 2
MH 1314,1314 W 35th Pl FFL 2 - Rm 3
MH 1314,1314 W 35th Pl FFL 2 - Rm 4
MH 1314,1314 1/2 W 35th Pl FFL 3 - Rm 1
MH 1314,1314 1/2 W 35th Pl FFL 3 - Rm 2
MH 1314,1314 1/2 W 35th Pl FFL 3 - Rm 3
MH 1314,1314 1/2 W 35th Pl FFL 3 - Rm 4
MH 1314,1314 1/2 W 35th Pl FFL 4 - Rm 1
MH 1314,1314 1/2 W 35th Pl FFL 4 - Rm 2
MH 1314,1314 1/2 W 35th Pl FFL 4 - Rm 3
MH 1314,1314 1/2 W 35th Pl FFL 4 - Rm 4
MH 1314,1316 1/4 W 35th Pl RFL1 - Rm 1
MH 1314,1316 1/4 W 35th Pl RFL1 - Rm 2
MH 1314,1316 1/4 W 35th Pl RFL1 - Rm 3
MH 1314,1316 1/4 W 35th Pl RFL1 - Rm 4
MH 1314,1316 W 35th Pl RFL 2 - Rm 1
MH 1314,1316 W 35th Pl RFL 3 - Rm 1
MH 1314,1316 W 35th Pl RFL 3 - Rm 2
MH 1314,1316 W 35th Pl RFL 3 - Rm 3
MH 1314,1316 W 35th Pl RFL 4 - Rm 1
MH 1314,1316 W 35th Pl RFL 4 - Rm 2
MH 1314,1316 W 35th Pl RFL 4 - Rm 3
MH 1314,1316 1/2 W 35th Pl RFL 2 - Rm 1
MH 1314,1316 1/2 W 35th Pl RFL 3 - Rm 1
MH 1314,1316 1/2 W 35th Pl RFL 3 - Rm 2
MH 1314,1316 1/2 W 35th Pl RFL 3 - Rm 3
MH 1314,1316 1/2 W 35th Pl RFL4 - Rm 1
MH 1314,1316 1/2 W 35th Pl RFL4 - Rm 2
MH 1314,1316 1/2 W 35th Pl RFL4 - Rm 3
MH 1252,1256 1/2 W 37th St FFL 1 - Rm 1
MH 1252,1256 1/2 W 37th St FFL 1 - Rm 2
MH 1252,1256 1/2 W 37th St FFL 1 - Rm 3
MH 1252,1256 1/2 W 37th St FFL 1 - Rm 4
MH 1252,1256 1/2 W 37th St FFL 2 - Rm 1
MH 1252,1256 1/2 W 37th St FFL 2 - Rm 2
MH 1252,1256 1/2 W 37th St FFL 2 - Rm 3
MH 1252,1256 1/2 W 37th St FFL 2 - Rm 4
MH 1252,1256 W 37th St FFL 3 - Rm 1
MH 1252,1256 W 37th St FFL 3 - Rm 2
MH 1252,1256 W 37th St FFL 3 - Rm 3
MH 1252,1256 W 37th St FFL 3 - Rm 4
MH 1252,1256 W 37th St FFL 4 - Rm 1
MH 1252,1256 W 37th St FFL 4 - Rm 2
MH 1252,1256 W 37th St FFL 4 - Rm 3
MH 1252,1256 W 37th St FFL 4 - Rm 4
MH 1252,1252 1/2 W 37th St RFL 1 - Rm 1
MH 1252,1252 1/2 W 37th St RFL 1 - Rm 2
MH 1252,1252 1/2 W 37th St RFL 1 - Rm 3
MH 1252,1252 1/2 W 37th St RFL 1 - Rm 4
MH 1252,1252 1/2 W 37th St RFL 1 - Rm 5
MH 1252,1252 W 37th St RFL 2 - Rm 1
MH 1252,1252 W 37th St RFL 2 - Rm 2
MH 1252,1252 W 37th St RFL 2 - Rm 3
MH 1252,1252 W 37th St RFL 3 - Rm 1
MH 1252,1252 W 37th St RFL 3 - Rm 2
MH 1252,1252 W 37th St RFL 3 - Rm 3
MH 1252,1252 W 37th St RFL 4 - Rm 1
MH 1252,1252 W 37th St RFL 4 - Rm 2
MH 1252,1252 W 37th St RFL 4 - Rm 3
MH 1252,1254 W 37th St RFL 2 - Rm 1
MH 1252,1254 W 37th St RFL 2 - Rm 2
MH 1252,1254 W 37th St RFL 2 - Rm 3
MH 1252,1254 W 37th St RFL 3 - Rm 1
MH 1252,1254 W 37th St RFL 3 - Rm 2
MH 1252,1254 W 37th St RFL 3 - Rm 3
MH 1252,1254 W 37th St RFL 4 - Rm 1
MH 1252,1254 W 37th St RFL 4 - Rm 2
MH 1252,1254 W 37th St RFL 4 - Rm 3
MH 3001,3001 Van Buren Pl - Rm 1
MH 3001,3001 Van Buren Pl - Rm 2
MH 3001,3001 Van Buren Pl - Rm 3
MH 3001,3001 Van Buren Pl - Rm 4
MH 3001,3001 Van Buren Pl - Rm 5
MH 3001,3001 1/2 Van Buren Pl - Rm 1
MH 3001,3001 1/2 Van Buren Pl - Rm 2
MH 3001,3001 1/2 Van Buren Pl - Rm 3
MH 3001,3001 1/2 Van Buren Pl - Rm 4
MH 3001,3001 1/2 Van Buren Pl - Rm 5
MH 3001,3003 Van Buren Pl - Rm 1
MH 3001,3003 Van Buren Pl - Rm 2
MH 3001,3003 Van Buren Pl - Rm 3
MH 3001,3003 Van Buren Pl - Rm 4
MH 3001,3003 Van Buren Pl - Rm 5
MH 3001,3003 1/2 Van Buren Pl - Rm 1
MH 3001,3003 1/2 Van Buren Pl - Rm 2
MH 3001,3003 1/2 Van Buren Pl - Rm 3
MH 3001,3003 1/2 Van Buren Pl - Rm 4
MH 3001,3003 1/2 Van Buren Pl - Rm 5
MH 3001,1508 W 30th St Unit 1 - Rm 1
MH 3001,1508 W 30th St Unit 1 - Rm 2
MH 3001,1508 W 30th St Unit 1 - Rm 3
MH 3001,1508 W 30th St Unit 1 - Rm 4
MH 3001,1508 W 30th St Unit 2 - Rm 1
MH 3001,1508 W 30th St Unit 2 - Rm 2
MH 3001,1508 W 30th St Unit 2 - Rm 3
MH 3001,1508 W 30th St Unit 2 - Rm 4
MH 3001,1508 W 30th St Unit 2 - Rm 5
MH 3001,1508 W 30th St Unit 3 - Rm 1
MH 3001,1508 W 30th St Unit 3 - Rm 2
MH 3001,1508 W 30th St Unit 3 - Rm 3
MH 3001,1508 W 30th St Unit 3 - Rm 4
MH 3001,1508 W 30th St Unit 3 - Rm 5
MH 1297,1299 1/4 W 36th St FFL 1 - Rm 1
MH 1297,1299 1/4 W 36th St FFL 1 - Rm 2
MH 1297,1299 1/4 W 36th St FFL 1 - Rm 3
MH 1297,1299 W 36th St FFL 2 - Rm 1
MH 1297,1299 W 36th St FFL 2 - Rm 2
MH 1297,1299 W 36th St FFL 2 - Rm 3
MH 1297,1299 1/2 W 36th St FFL 3 - Rm 1
MH 1297,1299 1/2 W 36th St FFL 3 - Rm 2
MH 1297,1299 1/2 W 36th St FFL 4 - Rm 1
MH 1297,1299 1/2 W 36th St FFL 4 - Rm 2
MH 1297,1299 1/2 W 36th St FFL 4 - Rm 3
MH 1297,1299 1/2 W 36th St FFL 4 - Rm 4
MH 1297,1299 1/2 W 36th St FFL 4 - Rm 5
MH 1297,1297 1/4 W 36th St RFL 1 - Rm 1
MH 1297,1297 1/4 W 36th St RFL 1 - Rm 2
MH 1297,1297 1/4 W 36th St RFL 1 - Rm 3
MH 1297,1297 1/4 W 36th St RFL 1 - Rm 4
MH 1297,1297 1/2 W 36th St RFL 2 - Rm 1
MH 1297,1297 1/2 W 36th St RFL 3 - Rm 1
MH 1297,1297 1/2 W 36th St RFL 3 - Rm 2
MH 1297,1297 1/2 W 36th St RFL 3 - Rm 3
MH 1297,1297 1/2 W 36th St RFL 4 - Rm 1
MH 1297,1297 1/2 W 36th St RFL 4 - Rm 2
MH 1297,1297 1/2 W 36th St RFL 4 - Rm 3
MH 1297,1297 W 36th St RFL 2 - Rm 1
MH 1297,1297 W 36th St RFL 3 - Rm 1
MH 1297,1297 W 36th St RFL 3 - Rm 2
MH 1297,1297 W 36th St RFL 3 - Rm 3
MH 1297,1297 W 36th St RFL 4 - Rm 1
MH 1297,1297 W 36th St RFL 4 - Rm 2
MH 1297,1297 W 36th St RFL 4 - Rm 3
MH 1326,1326 1/4 W 35th Pl FFL 1 Rm1
MH 1326,1326 1/4 W 35th Pl FFL 1 Rm2
MH 1326,1326 1/4 W 35th Pl FFL 1 Rm3
MH 1326,1326 1/4 W 35th Pl FFL 1 Rm4
MH 1326,1326 W 35th Pl FFL 2 Rm1
MH 1326,1326 W 35th Pl FFL 2 Rm2
MH 1326,1326 W 35th Pl FFL 2 Rm3
MH 1326,1326 W 35th Pl FFL 2 Rm4
MH 1326,1326 1/2 W 35th Pl FFL 3 Rm1
MH 1326,1326 1/2 W 35th Pl FFL 3 Rm2
MH 1326,1326 1/2 W 35th Pl FFL 3 Rm3
MH 1326,1326 1/2 W 35th Pl FFL 3 Rm4
MH 1326,1326 1/2 W 35th Pl FFL 4 Rm1
MH 1326,1326 1/2 W 35th Pl FFL 4 Rm2
MH 1326,1326 1/2 W 35th Pl FFL 4 Rm3
MH 1326,1326 1/2 W 35th Pl FFL 4 Rm4
MH 1326,1326 1/2 W 35th Pl FFL 4 Rm5
MH 1326,1330 1/4 W 35th Pl FFL 1 Rm1
MH 1326,1330 1/4 W 35th Pl FFL 1 Rm2
MH 1326,1330 1/4 W 35th Pl FFL 1 Rm3
MH 1326,1330 1/4 W 35th Pl FFL 1 Rm4
MH 1326,1330 W 35th Pl FFL 2 Rm1
MH 1326,1330 W 35th Pl FFL 2 Rm2
MH 1326,1330 W 35th Pl FFL 2 Rm3
MH 1326,1330 W 35th Pl FFL 3 Rm1
MH 1326,1330 W 35th Pl FFL 4 Rm1
MH 1326,1330 W 35th Pl FFL 4 Rm2
MH 1326,1330 W 35th Pl FFL 4 Rm3
MH 1326,1330 1/2 W 35th Pl FFL 2 Rm1
MH 1326,1330 1/2 W 35th Pl FFL 2 Rm2
MH 1326,1330 1/2 W 35th Pl FFL 2 Rm3
MH 1326,1330 1/2 W 35th Pl FFL 3 Rm1
MH 1326,1330 1/2 W 35th Pl FFL 4 Rm1
MH 1326,1330 1/2 W 35th Pl FFL 4 Rm2
MH 1326,1330 1/2 W 35th Pl FFL 4 Rm3
MH 1326,1328 1/4 W 35th Pl FFL 1 Rm1
MH 1326,1328 1/4 W 35th Pl FFL 1 Rm2
MH 1326,1328 1/4 W 35th Pl FFL 1 Rm3
MH 1326,1328 1/4 W 35th Pl FFL 1 Rm4
MH 1326,1328 W 35th Pl FFL 2 Rm1
MH 1326,1328 W 35th Pl FFL 2 Rm2
MH 1326,1328 W 35th Pl FFL 2 Rm3
MH 1326,1328 W 35th Pl FFL 2 Rm4
MH 1326,1328 1/2 W 35th Pl FFL 3 Rm1
MH 1326,1328 1/2 W 35th Pl FFL 3 Rm2
MH 1326,1328 1/2 W 35th Pl FFL 3 Rm3
MH 1326,1328 1/2 W 35th Pl FFL 3 Rm4
MH 1326,1328 1/2 W 35th Pl FFL 4 Rm1
MH 1326,1328 1/2 W 35th Pl FFL 4 Rm2
MH 1326,1328 1/2 W 35th Pl FFL 4 Rm3
MH 1326,1328 1/2 W 35th Pl FFL 4 Rm4
MH 1326,1328 1/2 W 35th Pl FFL 4 Rm5
MH 1326,1332 1/4 W 35th Pl FFL 1 Rm1
MH 1326,1332 1/4 W 35th Pl FFL 1 Rm2
MH 1326,1332 1/4 W 35th Pl FFL 1 Rm3
MH 1326,1332 1/4 W 35th Pl FFL 1 Rm4
MH 1326,1332 W 35th Pl FFL 2 Rm1
MH 1326,1332 W 35th Pl FFL 2 Rm2
MH 1326,1332 W 35th Pl FFL 2 Rm3
MH 1326,1332 W 35th Pl FFL 3 Rm1
MH 1326,1332 W 35th Pl FFL 4 Rm1
MH 1326,1332 W 35th Pl FFL 4 Rm2
MH 1326,1332 W 35th Pl FFL 4 Rm3
MH 1326,1332 1/2 W 35th Pl FFL 2 Rm1
MH 1326,1332 1/2 W 35th Pl FFL 2 Rm2
MH 1326,1332 1/2 W 35th Pl FFL 2 Rm3
MH 1326,1332 1/2 W 35th Pl FFL 3 Rm1
MH 1326,1332 1/2 W 35th Pl FFL 4 Rm1
MH 1326,1332 1/2 W 35th Pl FFL 4 Rm2
MH 1326,1332 1/2 W 35th Pl FFL 4 Rm3
MH 1326,3505 Raymond Ave - Studio
MH 1326,3505 Raymond Ave - Rm 1
MH 1326,3505 Raymond Ave - Rm 2
MH 1326,3505 Raymond Ave - Rm 3
MH 1326,3505 Raymond Ave - Rm 4
MH 1137,1137 W 37th Dr - Rm 1
MH 1137,1137 W 37th Dr - Rm 2
MH 1137,1137 W 37th Dr - Rm 3
MH 1137,1137 1/2 W 37th Dr - Rm 1 （right）
MH 1137,1137 1/2 W 37th Dr - Rm 2
MH 1137,1135 1/2 W 37th Dr - Rm 1 （right）
MH 1137,1135 1/2 W 37th Dr - Rm 2 (left)
ML3806,3806 S Budlong Ave - Rm 1
ML3806,3806 S Budlong Ave - Rm 2
ML3806,3806 S Budlong Ave - Rm 3
ML3806,3806 S Budlong Ave - Rm 4
ML3806,3808 S Budlong Ave - Rm 1
ML3806,3808 S Budlong Ave - Rm 2
ML3806,3808 S Budlong Ave - Rm 3
ML3806,3808 S Budlong Ave - Rm 4
ML3806,1138 W 38th St - Rm 1
ML3806,1138 W 38th St - Rm 2
ML3806,1138 W 38th St - Rm 3
ML3806,1138 W 38th St - Rm 4
ML3806,1138 1/2 W 38th St - Rm 1
ML3806,1138 1/2 W 38th St - Rm 2
ML3806,1138 1/2 W 38th St - Rm 3
ML3806,1138 1/2 W 38th St - Rm 4
ML1348,1350 W 37th Pl - Rm 1
ML1348,1350 W 37th Pl - Rm 2
ML1348,1350 W 37th Pl - Rm 3
ML1348,1350 W 37th Pl - Rm 4
ML1348,1350 1/2 W 37th Pl - Rm 1
ML1348,1350 1/2 W 37th Pl - Rm 2
ML1348,1350 1/2 W 37th Pl - Rm 3
ML1348,1350 1/2 W 37th Pl - Rm 4
ML1348,1348 W 37th Pl - Rm 1
ML1348,1348 W 37th Pl - Rm 2
ML1348,1348 W 37th Pl - Rm 3
ML1348,1348 W 37th Pl - Rm 4
ML1348,1348 W 37th Pl - Rm 5
ML3111,3111 Walton Ave - Rm 1
ML3111,3111 Walton Ave - Rm 2
ML3111,3111 Walton Ave - Rm 3
ML3111,3111 Walton Ave - Rm 4
ML3111,3113 Walton Ave - Rm 1
ML3111,3113 Walton Ave - Rm 2
ML3111,3113 Walton Ave - Rm 3
ML3111,3113 Walton Ave - Rm 4
ML3111,3115 Walton Ave - Rm 1
ML3111,3115 Walton Ave - Rm 2
ML3111,3115 Walton Ave - Rm 3
ML3111,3115 Walton Ave - Rm 4
ML3439,3439 S Catalina St - Rm 1
ML3439,3439 S Catalina St - Rm 2
ML3439,3439 S Catalina St - Rm 3
ML3439,3439 S Catalina St - Rm 4
ML3439,3437 S Catalina St - Rm 1
ML3439,3437 S Catalina St - Rm 2
ML3439,3437 S Catalina St - Rm 3
ML3439,3437 S Catalina St - Rm 4
ML3439,3435 S Catalina St - 3435 S Catalina St
ML3507,3507 1/2 S Budlong Ave - Rm 1
ML3507,3507 1/2 S Budlong Ave - Rm 2
ML3507,3507 1/2 S Budlong Ave - Rm 3
ML3507,3509 S Budlong Ave - Rm 1
ML3507,3509 S Budlong Ave - Rm 2
ML3507,3509 S Budlong Ave - Rm 3
ML3507,3509 S Budlong Ave - Rm 4
MH 546,546 N Harvard Blvd Apt 101 - Rm 1
MH 546,546 N Harvard Blvd Apt 101 - Rm 2
MH 546,546 N Harvard Blvd Apt 102 - Rm 1
MH 546,546 N Harvard Blvd Apt 102 - Rm 2
MH 546,546 N Harvard Blvd Apt 102 - Rm 3
MH 546,546 N Harvard Blvd Apt 103 - Rm 1
MH 546,546 N Harvard Blvd Apt 103 - Rm 2
MH 546,546 N Harvard Blvd Apt 103 - Rm 3
MH 546,546 N Harvard Blvd Apt 201 - Rm 1
MH 546,546 N Harvard Blvd Apt 201 - Rm 2
MH 546,546 N Harvard Blvd Apt 201 - Rm 3
MH 546,546 N Harvard Blvd Apt 202 - Rm 1
MH 546,546 N Harvard Blvd Apt 202 - Rm 2
MH 546,546 N Harvard Blvd Apt 202 - Rm 3
MH 546,546 N Harvard Blvd Apt 203 - Rm 1
MH 546,546 N Harvard Blvd Apt 203 - Rm 2
MH 546,546 N Harvard Blvd Apt 203 - Rm 3
MH 546,546 N Harvard Blvd Apt 301 - Rm 1
MH 546,546 N Harvard Blvd Apt 301 - Rm 2
MH 546,546 N Harvard Blvd Apt 301 - Rm 3
MH 546,546 N Harvard Blvd Apt 302 - Rm 1
MH 546,546 N Harvard Blvd Apt 302 - Rm 2
MH 546,546 N Harvard Blvd Apt 302 - Rm 3
MH 546,546 N Harvard Blvd Apt 303 - Rm 1
MH 546,546 N Harvard Blvd Apt 303 - Rm 2
MH 546,546 N Harvard Blvd Apt 303 - Rm 3
MH 1377,1377 1/4 W 36th Pl FFL 1 - Rm 1
MH 1377,1377 1/4 W 36th Pl FFL 1 - Rm 2
MH 1377,1377 1/4 W 36th Pl FFL 1 - Rm 3
MH 1377,1377 1/4 W 36th Pl FFL 1 - Rm 4
MH 1377,1377 W 36th Pl FFL 2 - Rm 1
MH 1377,1377 W 36th Pl FFL 2 - Rm 2
MH 1377,1377 W 36th Pl FFL 2 - Rm 3
MH 1377,1377 W 36th Pl FFL 2 - Rm 4
MH 1377,1377 1/2 W 36th Pl FFL 3 - Rm 1
MH 1377,1377 1/2 W 36th Pl FFL 3 - Rm 2
MH 1377,1377 1/2 W 36th Pl FFL 3 - Rm 3
MH 1377,1377 1/2 W 36th Pl FFL 4 - Rm 1
MH 1377,1377 1/2 W 36th Pl FFL 4 - Rm 2
MH 1377,1377 1/2 W 36th Pl FFL 4 - Rm 3
MH 1377,1377 1/2 W 36th Pl FFL 4 - Rm 4
MH 1377,1377 1/2 W 36th Pl FFL 4 - Rm 5
MH 1377,1379 1/4 W 36th Pl RFL 1 - Rm 1
MH 1377,1379 1/4 W 36th Pl RFL 1 - Rm 2
MH 1377,1379 1/4 W 36th Pl RFL 1 - Rm 3
MH 1377,1379 1/4 W 36th Pl RFL 1 - Rm 4
MH 1377,1379 W 36th Pl RFL 2 - Rm 1
MH 1377,1379 W 36th Pl RFL 3 - Rm 1
MH 1377,1379 W 36th Pl RFL 3 - Rm 2
MH 1377,1379 W 36th Pl RFL 3 - Rm 3
MH 1377,1379 W 36th Pl RFL 4 - Rm 1
MH 1377,1379 W 36th Pl RFL 4 - Rm 2
MH 1377,1379 W 36th Pl RFL 4 - Rm 3
MH 1377,1379 1/2 W 36th Pl RFL 2 - Rm 1
MH 1377,1379 1/2 W 36th Pl RFL 3 - Rm 1
MH 1377,1379 1/2 W 36th Pl RFL 3 - Rm 2
MH 1377,1379 1/2 W 36th Pl RFL 3 - Rm 3
MH 1377,1379 1/2 W 36th Pl RFL 4 - Rm 1
MH 1377,1379 1/2 W 36th Pl RFL 4 - Rm 2
MH 1377,1379 1/2 W 36th Pl RFL 4 - Rm 3
MH 1348PL,1348 W 35th Pl ADU FFL 1 - Rm 1
MH 1348PL,1348 W 35th Pl ADU FFL 1 - Rm 2
MH 1348PL,1348 W 35th Pl ADU FFL 1 - Rm 3
MH 1348PL,1348 1/2 W 35th Pl FFL 2 - Rm 1
MH 1348PL,1348 1/2 W 35th Pl FFL 2 - Rm 2
MH 1348PL,1348 1/2 W 35th Pl FFL 2 - Rm 3
MH 1348PL,1348 1/2 W 35th Pl FFL 3 - Rm 1
MH 1348PL,1348 1/2 W 35th Pl FFL 3 - Rm 2
MH 1348PL,1348 1/2 W 35th Pl FFL 3 - Rm 3
MH 1348PL,1348 1/2 W 35th Pl FFL 3 - Rm 4
MH 1348PL,1346 W 35th Pl ADU RFL 1 - Rm 1
MH 1348PL,1346 W 35th Pl ADU RFL 1 - Rm 2
MH 1348PL,1346 W 35th Pl ADU RFL 1 - Rm 3
MH 1348PL,1346 W 35th Pl RFL 2 - Rm 1
MH 1348PL,1346 W 35th Pl RFL 2 - Rm 2
MH 1348PL,1346 W 35th Pl RFL 2 - Rm 3
MH 1348PL,1346 W 35th Pl RFL 2 - Rm 4
MH 1348PL,1346 1/2 W 35th Pl RFL 3 - Rm 1
MH 1348PL,1346 1/2 W 35th Pl RFL 3 - Rm 2
MH 1348PL,1346 1/2 W 35th Pl RFL 3 - Rm 3
MH 1348PL,1346 1/2 W 35th Pl RFL 3 - Rm 4
MH 1348ST,1348 W 35th st FFL 1 - Rm 1
MH 1348ST,1348 W 35th St FFL 1 - Rm 2
MH 1348ST,1348 W 35th St FFL 2 - Rm 1
MH 1348ST,1348 W 35th St FFL 2 - Rm 2
MH 1348ST,1348 W 35th St FFL 2 - Rm 3
MH 1348ST,1348 W 35th St FFL 2 - Rm 4
MH 1348ST,1348 W 35th St FFL 2 - Rm 5
MH 1348ST,1348 W 35th St FFL 2 - Rm 6
MH 1348ST,1348 1/2 W 35th St FFL 3 - Rm 1
MH 1348ST,1348 1/2 W 35th St FFL 3 - Rm 2
MH 1348ST,1348 1/2 W 35th St FFL 3 - Rm 3
MH 1348ST,1348 1/2 W 35th St FFL 3 - Rm 4
MH 1348ST,1348 1/2 W 35th St FFL 4 - Rm 1
MH 1348ST,1348 1/2 W 35th St FFL 4 - Rm 2
MH 1348ST,1348 1/2 W 35th St FFL 4 - Rm 3
MH 1348ST,1348 1/2 W 35th St FFL 4 - Rm 4
MH 1348ST,1348 1/2 W 35th St FFL 4 - Rm 5
MH 1348ST,1348 1/2 W 35th St FFL 4 - Rm 6
MH 1348ST,1346 W 35th St ADU RFL 1 - Rm 1
MH 1348ST,1346 W 35th St ADU RFL 1 - Rm 2
MH 1348ST,1346 W 35th St ADU RFL 1 - Rm 3
MH 1348ST,1346 W 35th St ADU RFL 1 - Rm 4
MH 1348ST,1346 W 35th St RFL 2 - Rm 1
MH 1348ST,1346 W 35th St RFL 3 - Rm 1
MH 1348ST,1346 W 35th St RFL 3 - Rm 2
MH 1348ST,1346 W 35th St RFL 3 - Rm 3
MH 1348ST,1346 W 35th St RFL 4 - Rm 1
MH 1348ST,1346 W 35th St RFL 4 - Rm 2
MH 1348ST,1346 W 35th St RFL 4 - Rm 3
MH 1348ST,1346 1/2 W 35th St RFL 2 - Rm 1
MH 1348ST,1346 1/2 W 35th St RFL 3 - Rm 1
MH 1348ST,1346 1/2 W 35th St RFL 3 - Rm 2
MH 1348ST,1346 1/2 W 35th St RFL 3 - Rm 3
MH 1348ST,1346 1/2 W 35th St RFL 4 - Rm 1
MH 1348ST,1346 1/2 W 35th St RFL 4 - Rm 2
MH 1348ST,1346 1/2 W 35th St RFL 4 - Rm 3
MH 1270,1272 1/2 Rolland Curtis FFL 1 - Rm 1
MH 1270,1272 1/2 Rolland Curtis FFL 1 - Rm 2
MH 1270,1272 1/2 Rolland Curtis FFL 1 - Rm 3
MH 1270,1272 Unit 1 Rolland Curtis FFL 2 - Rm 1
MH 1270,1272 Unit 1 Rolland Curtis FFL 2 - Rm 2
MH 1270,1272 Unit 1 Rolland Curtis FFL 2 - Rm 3
MH 1270,1272 Unit 2 Rolland Curtis FFL 3 - Rm 1
MH 1270,1272 Unit 2 Rolland Curtis FFL 3 - Rm 2
MH 1270,1272 Unit 2 Rolland Curtis FFL 3 - Rm 3
MH 1270,1270 1/4 Rolland Curtis RFL 1 - Rm 1
MH 1270,1270 ADU Rolland Curtis RFL 1 - Rm 2
MH 1270,1270 ADU Rolland Curtis RFL 1 - Rm 3
MH 1270,1270 ADU Rolland Curtis RFL 1 - Rm 4
MH 1270,1270 Rolland Curtis Pl RFL 2 - Rm 1
MH 1270,1270 Rolland Curtis Pl RFL 2 - Rm 2
MH 1270,1270 Rolland Curtis Pl RFL 2 - Rm 3
MH 1270,1270 Rolland Curtis Pl RFL 2 - Rm 4
MH 1270,1270 Rolland Curtis Pl RFL 2 - Rm 5
MH 1270,1270 1/2 Unit 1 Rolland Curtis RFL 3 - Rm 1
MH 1270,1270 1/2 Unit 1Rolland Curtis RFL 3 - Rm 2
MH 1270,1270 1/2 Unit 1 Rolland Curtis RFL 3 - Rm 3
MH 1270,1270 1/2 Unit 1 Rolland Curtis RFL 3 - Rm 4
MH 1270,1270 1/2 Unit 2 Rolland Curtis RFL 4 - Rm 1
MH 1270,1270 1/2 Unit 2 Rolland Curtis RFL 4 - Rm 2
MH 1270,1270 1/2 Unit 2 Rolland Curtis RFL 4 - Rm 3
MH 1270,1270 1/2 Unit 2 Rolland Curtis RFL 4 - Rm 4
MH 3430,3428 Walton Ave FFL 1 Rm1 （1b1b）
MH 3430,3428 Walton Ave FFL 2 Rm1
MH 3430,3428 Walton Ave FFL 2 Rm2
MH 3430,3428 Walton Ave FFL 2 Rm3
MH 3430,3428 Walton Ave FFL 2 Rm4
MH 3430,3428 Walton Ave FFL 2 Rm5
MH 3430,3428 1/2 Walton Ave FFL 3 Rm1
MH 3430,3428 1/2 Walton Ave FFL 3 Rm2
MH 3430,3428 1/2 Walton Ave FFL 3 Rm3
MH 3430,3428 1/2 Walton Ave FFL 3 Rm4
MH 3430,3428 1/2 Walton Ave FFL 4 Rm1
MH 3430,3428 1/2 Walton Ave FFL 4 Rm2
MH 3430,3428 1/2 Walton Ave FFL 4 Rm3
MH 3430,3428 1/2 Walton Ave FFL 4 Rm4
MH 3430,3430 (Maybe 1/4) Walton Ave RFL 1 Rm1
MH 3430,3430 (Maybe 1/4) Walton Ave RFL 1 Rm2
MH 3430,3430 (Maybe 1/4) Walton Ave RFL 1 Rm3
MH 3430,3430 (Maybe 1/4) Walton Ave RFL 1 Rm4
MH 3430,3430 Walton Ave RFL 2 Rm1
MH 3430,3430 Walton Ave RFL 3 Rm1
MH 3430,3430 Walton Ave RFL 3 Rm2
MH 3430,3430 Walton Ave RFL 3 Rm3
MH 3430,3430 Walton Ave RFL 4 Rm1
MH 3430,3430 Walton Ave RFL 4 Rm2
MH 3430,3430 Walton Ave RFL 4 Rm3
MH 3430,3430 1/2 Walton Ave RFL 2 Rm1
MH 3430,3430 1/2 Walton Ave RFL 3 Rm1
MH 3430,3430 1/2 Walton Ave RFL 3 Rm2
MH 3430,3430 1/2 Walton Ave RFL 3 Rm3
MH 3430,3430 1/2 Walton Ave RFL 4 Rm1
MH 3430,3430 1/2 Walton Ave RFL 4 Rm2
MH 3430,3430 1/2 Walton Ave RFL 4 Rm3
MH 1204,1204 W 37th Dr FFL 1 Rm1
MH 1204,1204 W 37th Dr FFL 1 Rm2
MH 1204,1204 W 37th FFL 1 Rm3
MH 1204,1204 W 37th FFL 1 Rm4
MH 1204,1204 W 37th FFL 1 Rm5
MH 1204,1204 W 37th FFL 1 Rm6
MH 1204,1204 W 37th FFL 2 Rm1
MH 1204,1204 W 37th FFL 2 Rm2
MH 1204,1204 W 37th FFL 2 Rm3
MH 1204,1204 W 37th FFL 2 Rm4
MH 1204,1204 W 37th FFL 2 Rm5
MH 1204,1204 W 37th FFL 2 Rm6
MH 1204,1204 W 37th FFL 3 Rm1
MH 1204,1204 W 37th FFL 3 Rm2
MH 1204,1204 W 37th FFL 3 Rm3
MH 1204,1204 W 37th FFL 3 Rm4
MH 1204,1204 W 37th FFL 3 Rm5
MH 1204,1204 W 37th FFL 3 Rm6
MH 1204,1204 W 37th FFL 4 Rm1
MH 1204,1204 W 37th FFL 4 Rm2
MH 1204,1204 W 37th FFL 4 Rm3
MH 1204,1204 W 37th FFL 4 Rm4
MH 1204,1204 W 37th FFL 4 Rm5
MH 1204,1204 W 37th FFL 4 Rm6
MH 1204,1206 W 37th FFL 1 Rm1
MH 1204,1206 W 37th FFL 1 Rm2
MH 1204,1206 W 37th FFL 1 Rm3
MH 1204,1206 1/2 W 37th FFL 2 Rm1
MH 1204,1206 1/2 W 37th FFL 2 Rm2
MH 1204,1206 1/2 W 37th FFL 2 Rm3
MH 1223,1221 1/2 W 37th Dr FFL 1 Rm1
MH 1223,1221 1/2 W 37th Dr FFL 1 Rm2
MH 1223,1221 1/2 W 37th Dr FFL 1 Rm3
MH 1223,1221 1/2 W 37th Dr FFL 1 Rm4
MH 1223,1221 1/2 W 37th Dr FFL 1 Rm5
MH 1223,1221 W 37th Dr FFL 2 Rm1
MH 1223,1221 W 37th Dr FFL 2 Rm2
MH 1223,1221 W 37th Dr FFL 2 Rm3
MH 1223,1221 W 37th Dr FFL 2 Rm4
MH 1223,1221 W 37th Dr FFL 2 Rm5
MH 1223,1221 W 37th Dr FFL 3 Rm1
MH 1223,1221 W 37th Dr FFL 3 Rm2
MH 1223,1221 W 37th Dr FFL 3 Rm3
MH 1223,1221 W 37th Dr FFL 3 Rm4
MH 1223,1221 W 37th Dr FFL 3 Rm5
MH 1223,1221 W 37th Dr FFL 4 Rm1
MH 1223,1221 W 37th Dr FFL 4 Rm2
MH 1223,1221 W 37th Dr FFL 4 Rm3
MH 1223,1221 W 37th Dr FFL 4 Rm4
MH 1223,1221 W 37th Dr FFL 4 Rm5
MH 1223,1223 W 37th Dr RFL 1 Rm1
MH 1223,1223 W 37th Dr RFL 1 Rm2
MH 1223,1223 W 37th Dr RFL 2 Rm1
MH 1223,1223 W 37th Dr RFL 2 Rm2
MH 1223,1223 W 37th Dr RFL 3 Rm1
MH 1223,1223 W 37th Dr RFL 3 Rm2
MH 1223,1223 W 37th Dr RFL 4 Rm1
MH 1223,1223 W 37th Dr RFL 4 Rm2
MH 1223,1223 1/2 W 37th Dr RFL 1 Rm1
MH 1223,1223 1/2 W 37th Dr RFL 1 Rm2
MH 1223,1223 1/2 W 37th Dr RFL 2 Rm1
MH 1223,1223 1/2 W 37th Dr RFL 2 Rm2
MH 1223,1223 1/2 W 37th Dr RFL 3 Rm1
MH 1223,1223 1/2 W 37th Dr RFL 3 Rm2
MH 1223,1223 1/2 W 37th Dr RFL 4 Rm1
MH 1223,1223 1/2 W 37th Dr RFL 4 Rm2
MH 1165,1167 1/2 W 37th Pl FFL 1 Rm1
MH 1165,1167 1/2 W 37th Pl FFL 1 Rm2
MH 1165,1167 1/2 W 37th Pl FFL 1 Rm3
MH 1165,1167 1/2 W 37th Pl FFL 1 Rm4
MH 1165,1167 1/2 W 37th Pl FFL 1 Rm5
MH 1165,1167 1/2 W 37th Pl FFL 1 Rm6
MH 1165,1167 W 37th Pl FFL 2 Rm 1
MH 1165,1167 W 37th Pl FFL 2 Rm 2
MH 1165,1167 W 37th Pl FFL 2 Rm 3
MH 1165,1167 W 37th Pl FFL 2 Rm 4
MH 1165,1167 W 37th Pl FFL 2 Rm 5
MH 1165,1167 W 37th Pl FFL 2 Rm 6
MH 1165,1167 W 37th Pl FFL 3 Rm 1
MH 1165,1167 W 37th Pl FFL 3 Rm 2
MH 1165,1167 W 37th Pl FFL 3 Rm 3
MH 1165,1167 W 37th Pl FFL 3 Rm 4
MH 1165,1167 W 37th Pl FFL 4 Rm 1
MH 1165,1167 W 37th Pl FFL 4 Rm 2
MH 1165,1167 W 37th Pl FFL 4 Rm 3
MH 1165,1167 W 37th Pl FFL 4 Rm 4
MH 1165,1167 W 37th Pl FFL 4 Rm 5
MH 1165,1165 1/2 W 37th Pl RFL 1 Rm 1
MH 1165,1165 1/2 W 37th Pl RFL 1 Rm 2
MH 1165,1165 1/2 W 37th Pl RFL 1 Rm 3
MH 1165,1165 1/2 W 37th Pl RFL 1 Rm 4
MH 1165,1165 W 37th Pl RFL 2 Rm 1
MH 1165,1165 W 37th Pl RFL 2 Rm 2
MH 1165,1165 W 37th Pl RFL 2 Rm 3
MH 1165,1165 W 37th Pl RFL 2 Rm 4
MH 1165,1165 W 37th Pl RFL 3 Rm 1
MH 1165,1165 W 37th Pl RFL 3 Rm 2
MH 1165,1165 W 37th Pl RFL 3 Rm 3
MH 1165,1165 W 37th Pl RFL 4 Rm 1
MH 1165,1165 W 37th Pl RFL 4 Rm 2
MH 1165,1165 W 37th Pl RFL 4 Rm 3
ML1638,1640 N Soto St - Rm 1
ML1638,1640 N Soto St - Rm 2
ML1638,1640 N Soto St - Rm 3
ML1638,1640 N Soto St - Rm 4
ML1638,1640 N Soto St - Rm 5
ML1638,1640 N Soto St - Rm 6
ML1638,1640 N Soto St - Rm 7
ML1638,1640 1/2 N Soto St - Rm 1
ML1638,1640 1/2 N Soto St - Rm 2
ML1638,1640 1/2 N Soto St - Rm 3
ML1638,1640 1/2 N Soto St - Rm 4
ML1638,1640 1/2 N Soto St - Rm 5
ML1638,1640 1/2 N Soto St - Rm 6
ML1638,1640 1/2 N Soto St - Rm 7
ML1638,1638 N Soto St - Rm 1
ML1638,1638 N Soto St - Rm 2
ML1638,1638 N Soto St - Rm 3
ML1638,1638 N Soto St - Rm 4
ML1638,1638 N Soto St - Rm 5
ML1638,1638 N Soto St - Rm 6
ML1638,1638 N Soto St - Rm 7
ML1638,1638 1/2 N Soto St - Rm 1
ML1638,1638 1/2 N Soto St - Rm 2
ML1638,1638 1/2 N Soto St - Rm 3
ML1638,1638 1/2 N Soto St - Rm 4
ML1638,1638 1/2 N Soto St - Rm 5
ML1638,1638 1/2 N Soto St - Rm 6
ML1638,1638 1/2 N Soto St - Rm 7
ML11088,11088 Ophir Dr Apt 104 - Rm 1
ML11088,11088 Ophir Dr Apt 104 - Rm 2
ML11088,11088 Ophir Dr Apt 105 - Rm 1
ML11088,11088 Ophir Dr Apt 105 - Rm 2
ML11088,11088 Ophir Dr Apt 106 - Rm 1
ML11088,11088 Ophir Dr Apt 106 - Rm 2
ML11088,11088 Ophir Dr Apt 107 - Rm 1
ML11088,11088 Ophir Dr Apt 107 - Rm 2
ML11088,11088 Ophir Dr Apt 107 - Rm 3
ML11088,11088 Ophir Dr Apt 204 - Rm 1
ML11088,11088 Ophir Dr Apt 204 - Rm 2
ML11088,11088 Ophir Dr Apt 205 - Rm 1
ML11088,11088 Ophir Dr Apt 205 - Rm 2
ML11088,11088 Ophir Dr Apt 206 - Rm 1
ML11088,11088 Ophir Dr Apt 206 - Rm 2
ML11088,11088 Ophir Dr Apt 207 - Rm 1
ML11088,11088 Ophir Dr Apt 207 - Rm 2
ML11088,11088 Ophir Dr Apt 207 - Rm 3
ML11088,11088 Ophir Dr Apt 304 - Rm 1
ML11088,11088 Ophir Dr Apt 304 - Rm 2
ML11088,11088 Ophir Dr Apt 305 - Rm 1
ML11088,11088 Ophir Dr Apt 305 - Rm 2
ML11088,11088 Ophir Dr Apt 306 - Rm 1
ML11088,11088 Ophir Dr Apt 306 - Rm 2
ML10811,10811 Ashton Ave Apt 205 - Rm 1
ML10811,10811 Ashton Ave Apt 205 - Rm 2
ML10811,10811 Ashton Ave Apt 215 - Rm 1
ML10811,10811 Ashton Ave Apt 215 - Rm 2
ML10811,10811 Ashton Ave Apt 215 - Rm L
ML10811,10811 Ashton Ave Apt 210 - Rm 1
ML10811,10811 Ashton Ave Apt 210 - Rm 2
MH 1726,1726 Midvale Ave Rm1 (back unit)
MH 1726,1726 Midvale Ave Rm2 (back unit)
MH 1726,1728 Midvale Ave Rm1 (front unit)
MH 1726,1728 Midvale Ave Rm2 (front unit)
ML512,512 Veteran Ave Apt 104 - Rm 1
ML512,512 Veteran Ave Apt 104 - Rm 2
ML512,512 Veteran Ave Apt 104 - Rm 3
ML512,512 Veteran Ave Apt 106 - Rm 1
ML512,512 Veteran Ave Apt 106 - Rm 2
ML512,512 Veteran Ave Apt 106 - Rm 3
ML512,512 Veteran Ave Apt 116 - Rm 1
ML512,512 Veteran Ave Apt 116 - Rm 2
ML512,512 Veteran Ave Apt 209 - Rm 1
ML512,512 Veteran Ave Apt 209 - Rm 2
ML512,512 Veteran Ave Apt 209 - Rm 3
ML512,512 Veteran Ave Apt 306 - Rm 1
ML512,512 Veteran Ave Apt 306 - Rm 2
ML512,512 Veteran Ave Apt 306 - Rm 3
ML512,512 Veteran Ave Apt 307 - Rm 1
ML512,512 Veteran Ave Apt 307 - Rm 2
ML512,512 Veteran Ave Apt 307 - Rm 3
ML512,512 Veteran Ave Apt 310 - Rm 1
ML512,512 Veteran Ave Apt 310 - Rm 2
ML512,512 Veteran Ave Apt 310 - Rm 3
ML512,512 Veteran Ave Apt 403 - Rm 1
ML512,512 Veteran Ave Apt 403 - Rm 2
ML512,512 Veteran Ave Apt 406 - Rm1
ML512,512 Veteran Ave Apt 406 - Rm 2
ML512,512 Veteran Ave Apt 406 - Rm 3
ML512,512 Veteran Ave Apt 408 - Rm 1
ML512,512 Veteran Ave Apt 408 - Rm 2
ML512,512 Veteran Ave Apt 408 - Rm 3
MH1922,1922 11th St. Rm1
MH1922,1922 11th St. Rm2
MH1922,1924 11th St - Rm 1
MH1922,1924 11th St - Rm 2
